{
  "users": [
    {
      "emailaddr": "preethi123@gmail.com",
      "pswd": "123",
      "lastlogin": "06/20/2021, 08:26:56 PM",
      "created": "06/20/2021, 08:26:56 PM",
      "id": 1
    },
    {
      "emailaddr": "sruthi123@gmail.com",
      "pswd": "123",
      "lastlogin": "06/20/2021, 08:28:09 PM",
      "created": "06/20/2021, 08:28:09 PM",
      "id": 2
    }
  ],
  "notification": [
    {
      "date": "06/20/2021, 08:28:30 PM",
      "message": "hi preethi",
      "by": "sruthi123@gmail.com",
      "to": "preethi123@gmail.com",
      "id": 1
    },
    {
      "date": "06/20/2021, 08:29:11 PM",
      "message": "hi sruthi how r u",
      "by": "preethi123@gmail.com",
      "to": "sruthi123@gmail.com",
      "id": 2
    }
  ]
}